ITEM,PICTURE,NAME1,H_INDEX,PERCENTAGE_MODAL_NAME,VISUAL_COMPLEXITY,SUBTLEX,lgSUBTLEX,Google00pm,lgGoogle00
1,PICTURE_1,maus,0.0,100.0,3.02,10.91,2.444,11.17323,4.83
2,PICTURE_2,reifen,1.163235101,69.6969697,2.67,15.75,2.603,7.10619,4.633
3,PICTURE_3,treppenstufe,1.426662781,46.46464646,1.89,,,,
4,PICTURE_4,altar,0.968778287,77.31958763,3.4,7.56,2.286,5.93453,4.555
5,PICTURE_5,schulter,0.86235472,82.9787234,2.01,22.52,2.758,12.59959,4.882
6,PICTURE_6,kinn,0.445050304,92.78350515,1.95,5.71,2.164,3.17998,4.284
7,PICTURE_7,fee,0.14372617,97.95918367,3.12,5.47,2.146,2.52316,4.184
8,PICTURE_8,bein,0.448864489,90.625,2.3,50.91,3.112,12.53182,4.88
9,PICTURE_9,dusche,0.468995594,90.0,3.04,19.21,2.689,2.35672,4.154
10,PICTURE_10,steak,1.801499077,61.42857143,2.98,9.92,2.403,0.36709,3.347
11,PICTURE_11,burger,1.076297626,70.0,3.22,9.41,2.38,3.86341,4.369
12,PICTURE_12,meerjungfrau,0.371232327,92.85714286,2.93,1.73,1.653,0.14594,2.946
13,PICTURE_13,bein,1.77739408,41.93548387,2.52,50.91,3.112,12.53182,4.88
14,PICTURE_14,bademantel,0.687251475,86.86868687,2.59,2.91,1.875,0.43716,3.423
15,PICTURE_15,loewe,0.0,100.0,3.31,5.51,2.149,3.30741,4.301
16,PICTURE_16,jaeger,0.512753111,90.81632653,3.61,15.12,2.585,11.51221,4.843
17,PICTURE_17,teufel,0.0,100.0,3.04,266.39,3.83,12.86883,4.891
18,PICTURE_18,saturn,1.116355634,54.73684211,2.29,1.65,1.633,1.9022,4.061
19,PICTURE_19,truthahn,1.22262028,78.35051546,3.98,8.11,2.316,0.21172,3.108
20,PICTURE_20,skelett,0.0,100.0,3.24,3.19,1.914,2.07013,4.098
21,PICTURE_21,boxer,0.0,100.0,3.0,7.76,2.297,1.44421,3.941
22,PICTURE_22,zeltlager,2.471095285,28.0,3.26,0.47,1.114,0.40345,3.388
23,PICTURE_23,fahrrad,0.334944487,95.0,3.21,13.62,2.54,6.53829,4.597
24,PICTURE_24,knochen,0.0,100.0,1.21,34.37,2.942,12.60355,4.882
25,PICTURE_25,leopard,1.275245112,71.875,3.55,1.89,1.69,0.57021,3.538
26,PICTURE_26,zwiebel,0.0,100.0,2.86,1.54,1.602,0.953,3.761
27,PICTURE_27,gefangener,2.310724597,46.875,2.96,9.37,2.378,2.12417,4.109
28,PICTURE_28,mikroskop,0.292929951,94.84536082,3.56,1.34,1.544,1.45429,3.944
29,PICTURE_29,cowboy,0.203905876,96.80851064,3.36,13.19,2.526,0.59203,3.554
30,PICTURE_30,bauernhof,1.054917449,70.21276596,4.18,2.28,1.771,2.15591,4.115
31,PICTURE_31,bergarbeiter,2.755022681,39.28571429,3.51,0.63,1.23,1.19365,3.859
32,PICTURE_32,krone,0.0,100.0,3.52,9.06,2.364,12.23068,4.869
33,PICTURE_33,bilderrahmen,1.533320262,41.93548387,2.26,0.59,1.204,0.26511,3.205
34,PICTURE_34,cupcake,2.514957192,34.40860215,2.38,,,,
35,PICTURE_35,ohr,0.194391858,97.0,2.35,29.84,2.88,13.20269,4.902
36,PICTURE_36,kaefer,1.527833823,70.52631579,2.99,8.31,2.326,1.81229,4.04
37,PICTURE_37,donut,0.391569417,93.81443299,2.23,3.62,1.968,0.03851,2.369
38,PICTURE_38,spinne,0.0,100.0,2.34,7.72,2.294,1.37694,3.921
39,PICTURE_39,hosentasche,1.094767827,78.31325301,2.35,1.46,1.58,1.00903,3.786
40,PICTURE_40,kleeblatt,0.661617906,82.82828283,2.43,1.42,1.568,0.24445,3.17
41,PICTURE_41,markt,2.503615109,33.69565217,3.82,17.17,2.64,124.96189,5.879
42,PICTURE_42,birne,0.0,100.0,2.13,5.91,2.179,0.70954,3.633
43,PICTURE_43,buerste,0.966184849,73.73737374,2.36,2.01,1.716,0.51732,3.496
44,PICTURE_44,kralle,0.660666006,86.31578947,2.63,1.1,1.462,0.19652,3.076
45,PICTURE_45,tamburin,1.999091496,48.23529412,2.64,0.28,0.903,0.08231,2.698
46,PICTURE_46,schraubenzieher,0.845715107,84.21052632,2.26,2.05,1.724,0.30312,3.264
47,PICTURE_47,wueste,0.296431632,95.74468085,3.44,27.01,2.837,8.05936,4.688
48,PICTURE_48,feuerwehrmann,0.411110799,93.40659341,3.2,3.62,1.968,0.31436,3.279
49,PICTURE_49,schloss,2.299603581,32.25806452,3.19,46.3,3.071,22.33141,5.131
50,PICTURE_50,glatze,1.645176011,61.05263158,2.7,5.08,2.114,0.62228,3.576
51,PICTURE_51,galgen,0.484443934,92.85714286,3.09,2.91,1.875,1.12869,3.834
52,PICTURE_52,saege,0.0,100.0,1.91,3.11,1.903,0.80045,3.685
53,PICTURE_53,tuete,1.595980148,66.66666667,1.92,10.08,2.41,1.23166,3.872
54,PICTURE_54,kette,1.385630996,55.10204082,2.11,19.25,2.69,13.59738,4.915
55,PICTURE_55,schatten,0.0,100.0,2.21,29.33,2.873,27.31955,5.218
56,PICTURE_56,ellenbogen,0.0,100.0,2.35,1.02,1.431,2.4306,4.168
57,PICTURE_57,briefmarke,0.441605765,92.85714286,2.54,0.94,1.398,0.47567,3.459
58,PICTURE_58,rasenmaeher,1.615027432,41.66666667,3.82,2.48,1.806,0.33981,3.313
59,PICTURE_59,bluse,0.997533277,81.63265306,2.52,5.51,2.149,1.32686,3.905
60,PICTURE_60,holzfaeller,1.349193984,75.0,3.58,1.5,1.591,0.32048,3.288
61,PICTURE_61,zeitung,0.21265864,96.62921348,2.7,45.32,3.061,80.29923,5.686
62,PICTURE_62,wespe,1.127856866,71.0,3.37,1.65,1.633,0.219,3.123
63,PICTURE_63,balkon,1.230912894,73.95833333,2.97,7.01,2.253,3.22031,4.29
64,PICTURE_64,knopf,0.0,100.0,1.64,22.4,2.756,3.13056,4.277
65,PICTURE_65,po,1.304942482,65.95744681,1.81,8.58,2.34,9.23136,4.747
66,PICTURE_66,dach,0.53881685,91.66666667,2.56,48.78,3.093,15.23679,4.965
67,PICTURE_67,sofa,0.32984607,93.93939394,2.03,11.1,2.452,3.40972,4.315
68,PICTURE_68,kerze,0.0,100.0,2.41,6.77,2.238,2.55704,4.19
69,PICTURE_69,banane,0.0,100.0,2.13,4.69,2.079,0.92623,3.749
70,PICTURE_70,orchester,0.612069284,90.32258065,4.17,4.06,2.017,3.97448,4.381
71,PICTURE_71,pokal,0.39351112,93.87755102,2.25,1.73,1.653,0.72971,3.645
72,PICTURE_72,kaese,0.286396957,95.0,2.32,21.3,2.734,3.79333,4.361
73,PICTURE_73,welle,0.14372617,97.95918367,3.22,9.41,2.38,15.79114,4.98
74,PICTURE_74,traktor,0.337576423,94.94949495,3.42,1.97,1.708,0.9135,3.743
75,PICTURE_75,luftballon,0.989587521,56.0,1.65,0.67,1.255,0.54427,3.518
76,PICTURE_76,brokkoli,0.345752087,94.79166667,2.74,0.63,1.23,0.21437,3.113
77,PICTURE_77,kamel,0.442571065,90.81632653,3.4,3.19,1.914,1.01663,3.789
78,PICTURE_78,schluessel,0.0,100.0,2.01,121.62,3.49,27.70465,5.224
79,PICTURE_79,tastatur,0.244141642,95.95959596,2.11,1.5,1.591,4.61725,4.446
80,PICTURE_80,hubschrauber,0.996390619,53.53535354,3.41,28.86,2.866,1.60553,3.987
81,PICTURE_81,fleisch,0.552081074,91.39784946,3.1,54.96,3.145,19.07557,5.062
82,PICTURE_82,park,1.571594956,59.7826087,3.87,58.15,3.17,17.03718,5.013
83,PICTURE_83,herz,0.0,100.0,1.14,175.48,3.649,45.63632,5.441
84,PICTURE_84,maske,0.14372617,97.95918367,3.72,18.9,2.682,8.69337,4.721
85,PICTURE_85,diamant,0.553149088,89.69072165,2.55,5.59,2.155,1.17464,3.852
86,PICTURE_86,fluss,0.932913773,83.87096774,2.74,47.99,3.086,11.92541,4.858
87,PICTURE_87,roboter,0.0,100.0,2.85,30.59,2.891,3.27931,4.298
88,PICTURE_88,kruecke,0.249882293,95.83333333,2.09,1.77,1.663,0.37766,3.359
89,PICTURE_89,steckdose,0.0,100.0,2.97,1.14,1.477,0.5955,3.557
90,PICTURE_90,mond,1.096408695,77.77777778,1.3,30.32,2.887,9.08872,4.74
91,PICTURE_91,mund,1.621036412,60.41666667,3.09,106.54,3.432,29.01498,5.244
92,PICTURE_92,robbe,1.435689903,66.32653061,3.19,0.28,0.903,0.52476,3.502
93,PICTURE_93,skateboard,0.390452131,93.93939394,1.78,1.46,1.58,0.23602,3.155
94,PICTURE_94,bauch,0.827374478,73.95833333,1.94,31.22,2.9,12.96238,4.894
95,PICTURE_95,koffer,0.741980504,87.0,2.45,37.21,2.976,5.81916,4.547
96,PICTURE_96,milch,0.951541292,84.7826087,2.36,33.11,2.925,11.95963,4.86
97,PICTURE_97,feder,0.0,100.0,2.08,12.4,2.5,8.46578,4.709
98,PICTURE_98,tiger,0.195909271,96.96969697,3.41,17.24,2.642,3.19469,4.286
99,PICTURE_99,bild,0.899743759,68.42105263,3.09,102.13,3.414,275.23684,6.221
100,PICTURE_100,nase,0.0,100.0,1.86,70.79,3.255,15.57131,4.974
101,PICTURE_101,schlagzeug,0.0,100.0,2.8,1.54,1.602,0.54509,3.518
102,PICTURE_102,haare,0.205592508,96.77419355,2.92,62.17,3.199,12.63826,4.883
103,PICTURE_103,museum,1.616278745,48.93617021,3.65,16.77,2.63,34.24311,5.316
104,PICTURE_104,aufzug,1.255317829,73.0,2.29,13.98,2.551,2.05905,4.095
105,PICTURE_105,hirsch,1.192470766,68.08510638,3.3,4.92,2.1,8.66527,4.72
106,PICTURE_106,gewaechshaus,0.459442076,92.47311828,3.33,3.31,1.929,0.31304,3.278
107,PICTURE_107,saxophon,0.548320249,91.57894737,3.15,1.97,1.708,0.26412,3.204
108,PICTURE_108,kalender,0.14372617,97.95918367,2.57,7.72,2.294,6.77448,4.613
109,PICTURE_109,fitnessstudio,1.714192618,64.0,3.53,3.39,1.94,0.40626,3.391
110,PICTURE_110,tisch,0.40790598,91.83673469,2.16,88.27,3.351,38.12866,5.363
111,PICTURE_111,drache,0.0,100.0,3.37,10.43,2.425,1.29844,3.895
112,PICTURE_112,lunge,1.534655495,56.84210526,2.99,9.57,2.387,5.89552,4.552
113,PICTURE_113,see,1.453607144,60.82474227,2.7,40.91,3.017,42.10165,5.406
114,PICTURE_114,obst,0.40790598,91.83673469,3.38,5.32,2.134,6.791,4.614
115,PICTURE_115,nilpferd,0.672867158,88.65979381,2.87,1.02,1.431,0.15536,2.974
116,PICTURE_116,feuer,0.0,100.0,2.64,142.45,3.559,24.48748,5.171
117,PICTURE_117,pferd,0.410837839,91.75257732,3.56,50.44,3.108,16.33358,4.995
118,PICTURE_118,wunde,0.86235472,82.9787234,3.22,18.5,2.673,6.06857,4.565
119,PICTURE_119,walnuss,0.646017479,83.50515464,3.43,0.94,1.398,0.09884,2.777
120,PICTURE_120,topf,2.309097139,40.65934066,2.58,6.58,2.225,3.54508,4.331
121,PICTURE_121,labyrinth,0.0,100.0,2.72,4.41,2.053,3.28708,4.299
122,PICTURE_122,stuhl,0.0,100.0,2.4,30.67,2.892,13.3721,4.908
123,PICTURE_123,dartpfeil,1.123396367,64.28571429,2.06,,,,
124,PICTURE_124,ecke,0.631171805,87.87878788,1.89,48.11,3.087,14.72855,4.95
125,PICTURE_125,kiwi,0.0,100.0,2.7,0.59,1.204,0.33056,3.301
126,PICTURE_126,fallschirm,0.200622324,96.875,2.25,4.84,2.093,0.49964,3.481
127,PICTURE_127,sack,1.218095228,78.125,1.91,25.55,2.813,5.44497,4.518
128,PICTURE_128,puppe,1.15700659,78.35051546,2.97,18.27,2.667,2.8952,4.243
129,PICTURE_129,zitrone,0.0,100.0,2.45,4.37,2.049,0.71781,3.638
130,PICTURE_130,weste,0.445050304,92.78350515,2.32,7.4,2.276,1.06622,3.81
131,PICTURE_131,saenger,0.766191271,82.29166667,3.32,5.83,2.173,5.62859,4.532
132,PICTURE_132,etikett,2.815739389,33.75,2.37,1.06,1.447,3.53301,4.33
133,PICTURE_133,schlange,1.234377709,54.63917526,3.31,29.84,2.88,6.61944,4.603
134,PICTURE_134,wolle,1.229865299,55.67010309,2.16,12.91,2.517,29.54404,5.252
135,PICTURE_135,anzug,0.0,100.0,2.7,35.0,2.949,3.77432,4.359
136,PICTURE_136,melone,1.850796486,64.63414634,2.88,2.64,1.833,0.30444,3.266
137,PICTURE_137,ratte,0.975525951,59.18367347,3.27,22.28,2.754,1.54718,3.971
138,PICTURE_138,kuehlschrank,0.0,100.0,3.03,18.47,2.672,2.74529,4.22
139,PICTURE_139,geist,0.997401589,53.0,1.44,77.01,3.292,89.59852,5.734
140,PICTURE_140,wasserhahn,0.33228663,93.87755102,2.45,0.94,1.398,0.57005,3.538
141,PICTURE_141,sonnenblume,0.286396957,95.0,3.25,0.47,1.114,0.23734,3.157
142,PICTURE_142,glas,0.246022578,95.91836735,1.94,51.1,3.114,17.0628,5.014
143,PICTURE_143,engel,0.298940797,95.69892473,2.86,40.71,3.015,18.6708,5.053
144,PICTURE_144,torrero,1.939927413,46.57534247,3.13,,,,
145,PICTURE_145,muelleimer,0.574404581,90.81632653,2.16,3.35,1.934,0.70227,3.628
146,PICTURE_146,oliven,0.72275657,87.69230769,1.7,2.68,1.839,0.72343,3.641
147,PICTURE_147,kleiderbuegel,1.034556071,66.0,1.87,0.47,1.114,0.12446,2.877
148,PICTURE_148,pfeife,0.0,100.0,1.97,10.12,2.412,1.67329,4.005
149,PICTURE_149,schluesselloch,1.028524128,67.0212766,2.0,0.94,1.398,0.35998,3.338
150,PICTURE_150,pfuetze,0.983833335,57.47126437,3.26,1.77,1.663,0.50675,3.487
151,PICTURE_151,tablett,0.0,100.0,1.86,3.27,1.924,1.10919,3.827
152,PICTURE_152,schnecke,0.286396957,95.0,3.46,2.95,1.881,1.43281,3.938
153,PICTURE_153,zigarette,0.340254161,94.89795918,2.59,20.99,2.728,4.48585,4.434
154,PICTURE_154,domino,0.982680803,57.73195876,2.81,0.98,1.415,3.09221,4.272
155,PICTURE_155,patrone,2.148786822,53.33333333,2.15,2.24,1.763,0.68492,3.618
156,PICTURE_156,floete,0.684038436,81.81818182,2.07,5.47,2.146,1.09696,3.822
157,PICTURE_157,prinzessin,1.680307245,64.13043478,3.25,65.51,3.221,5.53405,4.525
158,PICTURE_158,controller,1.659679496,66.26506024,2.99,0.43,1.079,7.98267,4.684
159,PICTURE_159,bart,0.327444919,94.0,3.35,69.33,3.246,3.57103,4.335
160,PICTURE_160,schubkarre,0.14257333,97.97979798,2.87,0.98,1.415,0.22792,3.14
161,PICTURE_161,krawatte,0.286396957,95.0,2.34,10.75,2.438,1.82997,4.044
162,PICTURE_162,playstation,2.140924287,32.60869565,3.11,0.91,1.38,0.48229,3.465
163,PICTURE_163,kokosnuss,0.0,100.0,2.62,2.2,1.756,0.18743,3.055
164,PICTURE_164,strasse,0.474132766,91.83673469,2.69,124.81,3.501,55.54896,5.526
165,PICTURE_165,guertel,0.0,100.0,2.54,8.66,2.344,2.83074,4.234
166,PICTURE_166,perle,1.445132104,63.54166667,2.93,4.13,2.025,1.3386,3.908
167,PICTURE_167,schnuersenkel,1.275407203,73.40425532,1.86,2.32,1.778,0.28246,3.233
168,PICTURE_168,stadion,1.772171705,47.95918367,4.53,5.39,2.14,4.27363,4.413
169,PICTURE_169,ruecken,0.14257333,97.97979798,2.29,73.59,3.272,36.9727,5.35
170,PICTURE_170,tor,0.872422774,81.0,2.55,48.9,3.094,14.71186,4.949
171,PICTURE_171,torwart,0.877846248,86.45833333,3.29,1.06,1.447,0.68145,3.615
172,PICTURE_172,papagei,0.195909271,96.96969697,3.79,3.9,2.0,0.71302,3.635
173,PICTURE_173,apotheke,0.14372617,97.95918367,3.67,5.2,2.124,3.13089,4.277
174,PICTURE_174,gelaender,1.408885522,51.08695652,2.19,1.3,1.531,1.26935,3.885
175,PICTURE_175,maler,0.751350324,82.82828283,3.67,7.21,2.265,13.41871,4.909
176,PICTURE_176,ritterruestung,1.550642686,43.75,3.06,,,,
177,PICTURE_177,fliegenpilz,1.0,50.0,2.14,0.16,0.699,0.06545,2.599
178,PICTURE_178,bruecke,0.543159986,91.57894737,2.92,42.92,3.038,18.38437,5.046
179,PICTURE_179,staffelei,1.383804821,75.94936709,2.14,0.16,0.699,0.35403,3.331
180,PICTURE_180,pferdeschwanz,2.172453532,45.36082474,2.79,0.98,1.415,0.22263,3.13
181,PICTURE_181,dreieck,0.0,100.0,1.05,2.8,1.857,6.18377,4.573
182,PICTURE_182,kopf,1.004303177,73.40425532,1.69,321.82,3.912,97.03577,5.769
183,PICTURE_183,adler,2.403659585,40.625,3.24,6.58,2.225,10.36369,4.797
184,PICTURE_184,hexe,0.340254161,94.89795918,3.39,29.8,2.88,3.10461,4.274
185,PICTURE_185,fussball,0.436469817,91.0,1.88,16.85,2.632,14.6798,4.949
186,PICTURE_186,motor,1.039014525,81.6091954,3.95,22.91,2.766,14.35618,4.939
187,PICTURE_187,stadt,1.857194516,50.50505051,3.62,303.52,3.887,217.44967,6.119
188,PICTURE_188,lager,2.288696421,45.36082474,3.78,32.13,2.912,44.9595,5.435
189,PICTURE_189,krokodil,0.557438185,87.0,3.44,2.4,1.792,0.66178,3.603
190,PICTURE_190,regen,1.211356998,64.64646465,1.59,40.28,3.01,15.15365,4.962
191,PICTURE_191,salat,0.840303129,83.14606742,3.46,12.95,2.519,2.24152,4.132
192,PICTURE_192,thermometer,0.773228349,84.61538462,1.77,1.54,1.602,1.09944,3.823
193,PICTURE_193,qualle,0.0,100.0,3.06,0.71,1.279,0.13057,2.898
194,PICTURE_194,matratze,2.353466284,47.45762712,2.25,4.02,2.013,1.22571,3.87
195,PICTURE_195,kapitaen,2.150238745,42.10526316,3.44,28.43,2.859,5.19589,4.497
196,PICTURE_196,computer,0.831510185,80.6122449,2.61,72.99,3.268,54.11483,5.515
197,PICTURE_197,zirkel,0.0,100.0,2.75,0.79,1.322,6.42276,4.59
198,PICTURE_198,wahrsagerin,1.266357282,73.91304348,3.25,1.22,1.505,0.20743,3.099
199,PICTURE_199,rock,0.14372617,97.95918367,2.56,26.18,2.823,9.56522,4.762
200,PICTURE_200,trompete,0.195909271,96.96969697,2.62,2.24,1.763,0.68145,3.615
201,PICTURE_201,erbsen,1.807745997,51.1627907,2.36,4.29,2.041,1.03052,3.795
202,PICTURE_202,angel,0.371232327,92.85714286,2.45,16.02,2.611,3.17138,4.283
203,PICTURE_203,kappe,2.267839578,42.70833333,2.43,3.9,2.0,1.0054,3.784
204,PICTURE_204,drucker,0.388508824,93.87755102,2.91,1.57,1.613,10.29576,4.794
205,PICTURE_205,knoechel,1.739979141,64.94845361,2.39,9.45,2.382,0.96127,3.765
206,PICTURE_206,malerrolle,3.037749117,23.80952381,2.11,,,,
207,PICTURE_207,narbe,0.394683556,93.75,2.25,10.59,2.431,1.49198,3.956
208,PICTURE_208,mikrofon,0.0,100.0,2.39,4.33,2.045,1.86353,4.052
209,PICTURE_209,bumerang,0.0,100.0,1.95,0.31,0.954,0.55303,3.525
210,PICTURE_210,brustwarze,1.593504431,52.08333333,2.28,0.94,1.398,0.36147,3.34
211,PICTURE_211,kaefer,1.561484952,60.82474227,2.99,8.31,2.326,1.81229,4.04
212,PICTURE_212,waage,0.0,100.0,2.3,2.17,1.748,3.9006,4.373
213,PICTURE_213,polizist,1.019719359,82.29166667,3.7,48.86,3.094,3.04528,4.265
214,PICTURE_214,schlafzimmer,0.709987827,85.85858586,3.58,24.21,2.79,4.21083,4.406
215,PICTURE_215,schuh,1.351643959,52.04081633,2.94,14.45,2.566,3.58954,4.337
216,PICTURE_216,hammer,0.0,100.0,1.73,14.88,2.579,7.21875,4.64
217,PICTURE_217,fotografin,2.135785737,48.95833333,3.17,0.87,1.362,0.52889,3.505
218,PICTURE_218,windel,0.442571065,90.81632653,3.06,2.36,1.785,0.43221,3.418
219,PICTURE_219,waescheleine,1.9997992,56.81818182,2.57,0.47,1.114,0.1904,3.062
220,PICTURE_220,moewe,0.40790598,91.83673469,2.71,0.91,1.38,0.39056,3.374
221,PICTURE_221,schnuller,0.337576423,94.94949495,2.25,0.59,1.204,0.29502,3.252
222,PICTURE_222,knie,0.0,100.0,2.17,39.61,3.003,10.97952,4.822
223,PICTURE_223,reissverschluss,0.0,100.0,3.05,3.46,1.949,0.31899,3.286
224,PICTURE_224,pinsel,0.0,100.0,2.14,2.68,1.839,2.67108,4.208
225,PICTURE_225,erbse,1.467569765,61.70212766,2.38,0.47,1.114,0.25899,3.195
226,PICTURE_226,zug,1.191717095,73.0,3.03,74.33,3.276,32.13728,5.289
227,PICTURE_227,mauer,0.368556778,92.92929293,2.56,16.89,2.633,16.55555,5.001
228,PICTURE_228,eichel,0.814146595,86.59793814,2.93,1.89,1.69,1.33959,3.909
229,PICTURE_229,bier,2.400778184,39.3258427,2.76,83.07,3.324,12.15466,4.867
230,PICTURE_230,sporthalle,2.605752565,33.33333333,2.97,1.73,1.653,0.53749,3.512
231,PICTURE_231,brust,0.582662942,89.36170213,2.3,28.82,2.865,14.70822,4.949
232,PICTURE_232,lama,1.090805066,72.44897959,3.46,4.09,2.021,1.88402,4.057
233,PICTURE_233,salzstreuer,0.900341871,68.36734694,2.22,0.28,0.903,0.06446,2.592
234,PICTURE_234,teller,1.023100645,83.51648352,2.05,13.86,2.548,5.31258,4.507
235,PICTURE_235,nadel,0.578821511,89.69072165,1.94,10.47,2.427,3.53847,4.331
236,PICTURE_236,giraffe,0.0,100.0,3.61,1.18,1.491,0.32791,3.298
237,PICTURE_237,kaese,1.309913784,76.54320988,2.81,21.3,2.734,3.79333,4.361
238,PICTURE_238,puzzle,0.0,100.0,2.22,2.72,1.845,1.71775,4.017
239,PICTURE_239,frau,0.911087308,82.41758242,2.87,857.36,4.338,285.7382,6.238
240,PICTURE_240,turm,1.278993704,70.40816327,2.44,12.64,2.508,6.4021,4.588
241,PICTURE_241,auge,0.14372617,97.95918367,3.61,92.05,3.369,46.53891,5.45
242,PICTURE_242,postbote,1.374998939,57.14285714,3.16,1.85,1.681,0.31155,3.276
243,PICTURE_243,muetze,1.969046731,52.63157895,2.26,8.43,2.332,2.07128,4.098
244,PICTURE_244,gluehbirne,0.687085345,87.87878788,2.46,1.69,1.643,0.62542,3.578
245,PICTURE_245,wurzeln,0.0,100.0,2.32,6.89,2.246,22.57156,5.135
246,PICTURE_246,zahnarzt,0.859870931,85.71428571,3.86,8.94,2.358,3.35749,4.308
247,PICTURE_247,gehirn,0.436469817,91.0,3.14,53.94,3.137,23.90438,5.16
248,PICTURE_248,karren,1.575235642,55.31914894,3.03,2.52,1.813,1.45033,3.943
249,PICTURE_249,kartoffel,0.0,100.0,2.19,3.58,1.964,1.45363,3.944
250,PICTURE_250,motorsaege,1.502130297,41.41414141,2.99,0.04,0.301,0.09123,2.743
251,PICTURE_251,krug,1.807548,51.61290323,2.29,3.82,1.991,2.82925,4.233
252,PICTURE_252,eidechse,1.791584451,53.125,3.13,1.22,1.505,0.26627,3.207
253,PICTURE_253,chor,0.14257333,97.97979798,3.38,4.06,2.017,6.44954,4.591
254,PICTURE_254,metzger,1.100522486,76.76767677,3.79,3.03,1.892,3.30195,4.301
255,PICTURE_255,schaufel,0.561208667,89.8989899,2.0,3.66,1.973,0.74723,3.655
256,PICTURE_256,urkunde,2.202120812,51.02040816,2.47,1.89,1.69,7.32949,4.647
257,PICTURE_257,hoehle,0.955036811,83.56164384,4.05,21.06,2.729,5.34415,4.51
258,PICTURE_258,baguette,0.529360865,88.0,1.79,0.67,1.255,0.23271,3.149
259,PICTURE_259,pylone,2.638617033,26.92307692,2.02,0.2,0.778,0.04744,2.459
260,PICTURE_260,insel,0.0,100.0,3.17,78.98,3.303,22.82659,5.14
261,PICTURE_261,laterne,0.996817895,69.3877551,2.24,1.69,1.643,0.99697,3.781
262,PICTURE_262,taschenlampe,0.557438185,87.0,2.38,4.92,2.1,1.05895,3.807
263,PICTURE_263,hase,0.626632998,88.42105263,3.5,7.68,2.292,2.62976,4.202
264,PICTURE_264,hand,0.286396957,95.0,2.81,232.65,3.772,168.60296,6.009
265,PICTURE_265,pirat,0.587697688,90.72164948,3.35,4.88,2.097,0.22858,3.141
266,PICTURE_266,absatz,1.239986149,76.84210526,1.93,2.95,1.881,42.79533,5.413
267,PICTURE_267,knoten,0.499963608,91.75257732,1.83,8.94,2.358,19.0159,5.061
268,PICTURE_268,bett,0.827280212,83.0,2.56,162.41,3.616,29.99129,5.259
269,PICTURE_269,chameleon,0.575786292,91.75257732,3.49,,,,
270,PICTURE_270,pfeil,0.0,100.0,1.47,10.04,2.408,7.67823,4.667
271,PICTURE_271,hase,0.937185857,64.64646465,3.26,7.68,2.292,2.62976,4.202
272,PICTURE_272,henker,1.296941109,77.92207792,2.81,9.29,2.375,1.60123,3.986
273,PICTURE_273,bus,0.14257333,97.97979798,3.25,51.93,3.121,12.59777,4.882
274,PICTURE_274,rauch,2.033516582,41.57303371,2.88,21.46,2.737,6.31814,4.582
275,PICTURE_275,umhang,1.797626719,63.73626374,2.4,4.53,2.064,0.66277,3.603
276,PICTURE_276,sichel,1.065711095,77.77777778,1.76,0.59,1.204,0.80061,3.685
277,PICTURE_277,peruecke,0.452120135,92.63157895,2.52,5.87,2.176,0.66178,3.603
278,PICTURE_278,trommel,0.0,100.0,2.72,2.44,1.799,1.50718,3.96
279,PICTURE_279,stein,0.0,100.0,2.38,43.82,3.047,32.9645,5.3
280,PICTURE_280,hals,0.292929951,94.84536082,2.33,57.4,3.164,14.20164,4.934
281,PICTURE_281,granatapfel,0.776195906,86.04651163,3.04,0.12,0.602,0.11834,2.856
282,PICTURE_282,nashorn,0.569578243,89.69072165,3.1,2.32,1.778,0.19288,3.067
283,PICTURE_283,limousine,0.482146113,91.91919192,2.72,5.04,2.111,0.70194,3.628
284,PICTURE_284,rosenkranz,1.625550956,52.68817204,2.35,0.59,1.204,1.81444,4.041
285,PICTURE_285,karotte,0.916816478,74.74747475,2.27,1.46,1.58,0.17768,3.032
286,PICTURE_286,tunnel,0.0,100.0,2.65,22.36,2.755,3.82391,4.364
287,PICTURE_287,ader,1.662837799,45.74468085,2.01,1.73,1.653,1.23464,3.873
288,PICTURE_288,wald,0.537648688,90.72164948,3.44,48.9,3.094,23.41994,5.151
289,PICTURE_289,fingernagel,1.315201477,62.88659794,2.18,0.47,1.114,0.21238,3.109
290,PICTURE_290,kaefig,0.956294006,62.24489796,2.93,13.11,2.524,2.28135,4.14
291,PICTURE_291,abzug,1.63040254,68.88888889,2.81,8.7,2.346,9.9971,4.782
292,PICTURE_292,kompass,0.443631592,93.61702128,2.4,4.49,2.061,1.41248,3.932
293,PICTURE_293,dinosaurier,1.115509692,67.34693878,2.92,6.46,2.217,0.85846,3.716
294,PICTURE_294,klempner,1.076433664,66.30434783,3.27,5.24,2.127,0.38494,3.367
295,PICTURE_295,flagge,1.035366061,69.0,1.9,9.84,2.4,3.63235,4.342
296,PICTURE_296,mutter,0.996524336,82.4742268,2.69,568.96,4.16,164.85673,5.999
297,PICTURE_297,flugzeug,0.195909271,96.96969697,2.81,85.55,3.337,8.56958,4.715
298,PICTURE_298,paella,2.010190113,60.91954023,3.27,1.46,1.58,0.06694,2.609
299,PICTURE_299,strauss,0.547580672,91.4893617,3.04,4.65,2.076,12.17829,4.867
300,PICTURE_300,faden,1.420455456,49.42528736,2.49,6.34,2.21,8.45669,4.709
301,PICTURE_301,schwert,0.51659875,90.72164948,2.07,63.66,3.209,6.61333,4.602
302,PICTURE_302,taxi,1.033125101,71.57894737,3.19,50.51,3.109,3.86952,4.369
303,PICTURE_303,pantomime,0.904614765,80.95238095,3.17,0.98,1.415,0.77202,3.67
304,PICTURE_304,kinderbett,1.774356289,58.94736842,2.96,0.51,1.146,0.15619,2.976
305,PICTURE_305,briefkasten,0.0,100.0,2.32,4.41,2.053,1.50322,3.959
306,PICTURE_306,dreirad,1.212706428,63.54166667,3.28,1.06,1.447,0.17751,3.031
307,PICTURE_307,fluegel,0.14854949,97.87234043,2.65,20.16,2.71,10.65359,4.809
308,PICTURE_308,wuerfel,0.0,100.0,1.81,6.46,2.217,3.20163,4.287
309,PICTURE_309,eis,0.244141642,95.95959596,2.09,46.69,3.074,10.57194,4.806
310,PICTURE_310,brief,1.238802184,57.14285714,1.39,60.79,3.189,89.79454,5.735
311,PICTURE_311,rasierer,0.43280653,93.81443299,2.36,2.13,1.74,0.12908,2.893
312,PICTURE_312,blume,0.782039287,76.76767677,3.32,17.68,2.653,4.66435,4.451
313,PICTURE_313,friseur,0.296431632,95.74468085,3.36,7.01,2.253,1.58487,3.982
314,PICTURE_314,parfuem,0.391569417,93.81443299,2.52,5.59,2.155,0.91664,3.744
315,PICTURE_315,ufo,0.288538514,94.94949495,2.78,3.5,1.954,0.47865,3.462
316,PICTURE_316,muschel,0.0,100.0,2.73,1.61,1.623,0.91945,3.745
317,PICTURE_317,soldat,0.251862848,95.78947368,3.34,37.68,2.981,10.17543,4.789
318,PICTURE_318,blatt,1.24281614,72.44897959,2.95,12.17,2.491,22.74064,5.139
319,PICTURE_319,kuh,0.0,100.0,2.88,26.3,2.825,4.25562,4.411
320,PICTURE_320,kirche,1.442888217,69.47368421,3.22,53.07,3.13,178.79145,6.034
321,PICTURE_321,sessel,0.14257333,97.97979798,2.47,4.61,2.072,3.98191,4.382
322,PICTURE_322,holz,2.062221428,55.20833333,2.96,21.69,2.742,20.78059,5.099
323,PICTURE_323,eule,0.680077046,82.0,3.73,4.69,2.079,1.14902,3.842
324,PICTURE_324,fisch,0.841760703,78.78787879,3.0,42.72,3.036,8.63073,4.718
325,PICTURE_325,fernseher,0.597186217,88.88888889,2.39,32.17,2.913,6.20988,4.575
326,PICTURE_326,tomate,0.0,100.0,1.82,1.97,1.708,0.61302,3.569
327,PICTURE_327,helm,0.925015874,65.97938144,2.71,9.76,2.396,3.53021,4.33
328,PICTURE_328,weinkeller,1.639001774,63.91752577,3.08,1.42,1.568,0.31354,3.278
329,PICTURE_329,schwanger,1.530196775,65.95744681,2.91,51.66,3.118,4.26107,4.411
330,PICTURE_330,krokodil,1.178614861,71.57894737,3.57,2.4,1.792,0.66178,3.603
331,PICTURE_331,buestenhalter,0.0,100.0,2.45,0.71,1.279,0.21073,3.106
332,PICTURE_332,storch,0.0,100.0,3.14,0.75,1.301,1.22902,3.871
333,PICTURE_333,muffin,0.757980364,86.73469388,2.72,4.37,2.049,0.03438,2.32
334,PICTURE_334,schachbrett,0.947059648,81.81818182,2.3,0.55,1.176,0.51518,3.494
335,PICTURE_335,butter,0.382380675,92.55319149,2.67,10.55,2.43,4.86467,4.469
336,PICTURE_336,lineal,0.0,100.0,1.72,0.94,1.398,1.12423,3.833
337,PICTURE_337,monster,1.616642278,65.0,3.28,53.58,3.134,2.77868,4.226
338,PICTURE_338,geschenk,0.14372617,97.95918367,2.25,69.92,3.25,9.77777,4.772
339,PICTURE_339,rucksack,0.0,100.0,2.56,6.93,2.248,2.76496,4.223
340,PICTURE_340,spiegel,0.0,100.0,2.24,26.73,2.833,46.12224,5.446
341,PICTURE_341,flosse,1.311557298,63.04347826,2.81,0.67,1.255,0.18296,3.045
342,PICTURE_342,nacht,0.978548467,82.41758242,3.05,491.44,4.096,60.70667,5.565
343,PICTURE_343,flasche,0.47853391,92.0,1.62,36.54,2.968,7.90912,4.68
344,PICTURE_344,brunnen,0.53881685,91.66666667,3.08,9.76,2.396,6.27401,4.579
345,PICTURE_345,pflaume,1.820123634,46.15384615,2.54,1.42,1.568,0.1666,3.004
346,PICTURE_346,netz,0.202249425,96.84210526,2.62,17.52,2.649,34.4816,5.319
347,PICTURE_347,geld,0.981875448,80.0,3.4,642.7,4.213,114.08633,5.839
348,PICTURE_348,paprika,0.0,100.0,2.13,1.14,1.477,0.71599,3.637
349,PICTURE_349,schloss,0.327444919,94.0,1.84,46.3,3.071,22.33141,5.131
350,PICTURE_350,bibel,0.426342091,93.0,2.03,15.16,2.587,22.71783,5.138
351,PICTURE_351,schmetterling,0.0,100.0,3.4,4.88,2.097,1.27183,3.886
352,PICTURE_352,ventilator,2.208242027,37.20930233,2.26,2.91,1.875,0.40113,3.385
353,PICTURE_353,t-shirt,0.910655959,78.0,2.19,,,,
354,PICTURE_354,ziege,0.197453004,96.93877551,2.81,7.4,2.276,1.2834,3.89
355,PICTURE_355,reh,2.153552474,41.75824176,2.61,2.64,1.833,1.09035,3.819
356,PICTURE_356,schachfigur,2.033470027,43.43434343,2.14,0.55,1.176,0.08909,2.732
357,PICTURE_357,gitarre,0.14257333,97.97979798,2.65,9.29,2.375,2.01129,4.085
358,PICTURE_358,auto,0.0,100.0,2.94,271.7,3.839,37.12095,5.351
359,PICTURE_359,messer,0.0,100.0,1.85,51.07,3.113,7.72632,4.67
360,PICTURE_360,tanne,1.645712504,49.0,2.32,0.43,1.079,0.64823,3.594
361,PICTURE_361,delfin,0.0,100.0,2.93,1.54,1.602,0.2856,3.238
362,PICTURE_362,pool,1.478248919,63.26530612,2.85,15.67,2.601,5.50844,4.523
363,PICTURE_363,ventilator,0.144899618,97.93814433,2.65,2.91,1.875,0.40113,3.385
364,PICTURE_364,auto,2.303185933,44.70588235,2.52,271.7,3.839,37.12095,5.351
365,PICTURE_365,igel,0.0,100.0,3.6,0.83,1.342,1.41545,3.933
366,PICTURE_366,blut,1.853200715,54.63917526,2.18,164.65,3.621,35.24189,5.329
367,PICTURE_367,speer,1.269503313,73.91304348,1.87,7.13,2.26,3.53616,4.33
368,PICTURE_368,faecher,0.0,100.0,2.37,1.81,1.672,10.48203,4.802
369,PICTURE_369,topf,0.609840305,85.0,2.14,6.58,2.225,3.54508,4.331
370,PICTURE_370,skorpion,0.752978068,86.73469388,2.76,4.09,2.021,0.4808,3.464
371,PICTURE_371,heuschrecke,1.5927996,45.36082474,3.5,0.2,0.778,0.15735,2.979
372,PICTURE_372,tukan,2.351520791,25.55555556,2.85,0.12,0.602,0.03355,2.31
373,PICTURE_373,blumenkohl,0.41381685,91.66666667,2.99,0.51,1.146,0.26808,3.21
374,PICTURE_374,goldbarren,0.870864469,70.83333333,2.04,1.42,1.568,0.18842,3.057
375,PICTURE_375,zirkuszelt,1.512111676,47.95918367,2.64,0.12,0.602,0.07107,2.634
376,PICTURE_376,bildhauer,1.73212474,65.16853933,3.83,0.67,1.255,3.25072,4.294
377,PICTURE_377,laetzchen,1.22487796,47.6744186,2.97,0.47,1.114,0.04082,2.394
378,PICTURE_378,hummer,1.332151407,76.53061224,3.16,7.21,2.265,1.10175,3.824
379,PICTURE_379,zebra,0.0,100.0,3.06,1.65,1.633,0.30478,3.266
380,PICTURE_380,gorilla,1.096341,68.68686869,3.56,4.72,2.083,0.40196,3.386
381,PICTURE_381,erdbeere,0.0,100.0,2.45,0.79,1.322,0.18181,3.042
382,PICTURE_382,geldbeutel,1.800272962,49.48453608,2.26,3.9,2.0,0.95978,3.764
383,PICTURE_383,muenze,0.197453004,96.93877551,2.45,10.28,2.418,4.04274,4.388
384,PICTURE_384,backofen,1.75667265,41.93548387,2.81,0.43,1.079,0.76243,3.664
385,PICTURE_385,schatztruhe,1.84947699,54.73684211,2.77,0.91,1.38,0.14644,2.948
386,PICTURE_386,bombe,0.284545683,95.95959596,2.13,57.99,3.168,3.11502,4.275
387,PICTURE_387,tacker,0.340254161,94.89795918,2.49,0.91,1.38,0.03008,2.262
388,PICTURE_388,tasche,0.944320214,73.0,2.56,69.45,3.247,8.41752,4.707
389,PICTURE_389,antenne,0.597010482,90.58823529,2.92,4.29,2.041,1.84072,4.047
390,PICTURE_390,schnee,1.934651242,62.24489796,1.51,23.82,2.782,10.19642,4.79
391,PICTURE_391,kette,0.246022578,95.91836735,2.26,19.25,2.69,13.59738,4.915
392,PICTURE_392,teekanne,1.21445979,58.16326531,1.92,1.61,1.623,0.16825,3.008
393,PICTURE_393,turban,1.89045938,60.71428571,3.35,1.46,1.58,0.62988,3.581
394,PICTURE_394,luchs,1.493539414,70.21276596,3.68,1.34,1.544,0.23618,3.155
395,PICTURE_395,bettdecke,3.192259861,22.61904762,2.46,1.18,1.491,0.8773,3.725
396,PICTURE_396,bankautomat,1.90200904,39.02439024,3.04,0.04,0.301,0.02793,2.23
397,PICTURE_397,feige,1.772814352,54.21686747,2.24,10.12,2.412,2.18004,4.12
398,PICTURE_398,lenkrad,0.144899618,97.93814433,2.03,4.02,2.013,0.82574,3.699
399,PICTURE_399,ballerina,1.617214276,62.62626263,2.96,1.69,1.643,0.17999,3.037
400,PICTURE_400,ente,0.731178427,85.56701031,3.64,10.47,2.427,2.23706,4.131
401,PICTURE_401,zwiebel,0.73275255,79.45205479,2.94,1.54,1.602,0.953,3.761
402,PICTURE_402,tafel,0.583206835,89.58333333,2.43,9.53,2.386,11.65634,4.848
403,PICTURE_403,kirche,2.266609519,32.9787234,3.85,53.07,3.13,178.79145,6.034
404,PICTURE_404,libelle,0.244141642,95.95959596,3.67,0.43,1.079,0.34841,3.324
405,PICTURE_405,anker,0.0,100.0,2.08,4.45,2.057,3.96439,4.38
406,PICTURE_406,hahn,0.194391858,97.0,3.57,9.37,2.378,11.24215,4.833
407,PICTURE_407,berg,0.342978951,94.84536082,3.16,32.05,2.911,23.01897,5.144
408,PICTURE_408,finger,0.992476004,55.10204082,2.67,84.1,3.33,18.94169,5.059
409,PICTURE_409,korken,0.156491063,97.72727273,3.74,1.93,1.699,0.43336,3.419
410,PICTURE_410,pistazie,1.512449196,65.38461538,2.8,0.24,0.845,0.00992,1.785
411,PICTURE_411,faust,0.0,100.0,2.55,12.91,2.517,13.81125,4.922
412,PICTURE_412,fabrik,0.809094755,83.33333333,3.22,21.85,2.745,11.75633,4.852
413,PICTURE_413,tattoo,0.51659875,90.72164948,2.54,7.13,2.26,0.34659,3.322
414,PICTURE_414,lampe,0.758753664,87.0,1.93,13.9,2.549,4.42536,4.428
415,PICTURE_415,wahlurne,2.491207424,32.58426966,2.5,0.2,0.778,0.31601,3.282
416,PICTURE_416,socke,0.290715865,94.89795918,2.45,2.87,1.869,0.16941,3.011
417,PICTURE_417,posaune,1.540141704,46.875,2.04,1.18,1.491,0.44906,3.434
418,PICTURE_418,vorhang,0.908741706,80.0,2.27,6.54,2.223,4.28768,4.414
419,PICTURE_419,elfe,1.948247571,47.12643678,2.88,1.89,1.69,0.30924,3.272
420,PICTURE_420,thron,0.242292189,96.0,2.63,7.8,2.299,5.26481,4.503
421,PICTURE_421,tintenfisch,2.094987461,44.70588235,2.91,2.91,1.875,0.17057,3.014
422,PICTURE_422,axt,0.676197461,85.71428571,1.73,6.93,2.248,1.46702,3.948
423,PICTURE_423,ei,0.493353017,91.66666667,2.48,24.06,2.787,15.68651,4.977
424,PICTURE_424,parkhaus,1.659535919,37.75510204,3.51,2.64,1.833,0.4408,3.426
425,PICTURE_425,dudelsack,0.0,100.0,2.9,0.51,1.146,0.11338,2.837
426,PICTURE_426,kamm,0.0,100.0,1.8,3.82,1.991,1.64552,3.998
427,PICTURE_427,blinder,1.68235129,47.82608696,3.86,9.72,2.394,2.22565,4.129
428,PICTURE_428,krebs,1.086377958,64.64646465,2.85,26.34,2.826,8.47388,4.71
429,PICTURE_429,paddel,1.423282581,62.3655914,1.76,0.83,1.342,0.1942,3.07
430,PICTURE_430,vogel,1.061386026,82.29166667,3.4,39.29,3.0,16.13293,4.989
431,PICTURE_431,handschuh,0.529360865,88.0,1.82,4.69,2.079,0.74392,3.653
432,PICTURE_432,ritter,2.347869894,42.85714286,3.56,24.02,2.786,19.95882,5.082
433,PICTURE_433,klingel,0.510093082,88.65979381,2.36,4.41,2.053,0.67054,3.608
434,PICTURE_434,lehrer,0.537648688,90.72164948,3.26,52.99,3.129,82.08442,5.696
435,PICTURE_435,glocke,2.140134872,36.25,1.97,13.35,2.531,2.63241,4.202
436,PICTURE_436,maedchen,0.709512886,80.6122449,2.77,471.48,4.078,88.19646,5.727
437,PICTURE_437,kanone,0.293968111,95.78947368,2.99,12.84,2.515,0.73814,3.65
438,PICTURE_438,daumen,0.0,100.0,2.18,12.6,2.507,5.39704,4.514
439,PICTURE_439,vulkan,0.561028486,86.86868687,3.4,2.87,1.869,1.648,3.999
440,PICTURE_440,statue,1.531925514,67.36842105,3.32,9.09,2.365,4.55229,4.44
441,PICTURE_441,wurst,0.714975717,85.71428571,2.64,5.0,2.107,2.56811,4.191
442,PICTURE_442,ananas,0.0,100.0,2.77,2.4,1.792,0.54674,3.52
443,PICTURE_443,lehrerin,0.693784198,88.54166667,2.98,16.85,2.632,13.30384,4.906
444,PICTURE_444,spion,1.64435982,40.22988506,2.77,16.06,2.612,1.24852,3.878
445,PICTURE_445,nest,0.815256077,74.74747475,3.02,8.5,2.336,2.54216,4.187
446,PICTURE_446,schwein,0.561028486,86.86868687,2.98,62.09,3.198,3.61946,4.34
447,PICTURE_447,stern,0.0,100.0,1.43,21.3,2.734,20.60969,5.096
448,PICTURE_448,glas,0.823811633,74.19354839,1.99,51.1,3.114,17.0628,5.014
449,PICTURE_449,bank,0.436469817,91.0,2.04,57.44,3.164,83.17212,5.702
450,PICTURE_450,magier,3.082309137,29.06976744,3.35,6.93,2.248,1.58387,3.982
451,PICTURE_451,koenig,0.246022578,95.91836735,4.1,0.31,0.954,1.49644,3.957
452,PICTURE_452,uhr,0.934068055,65.0,2.38,269.93,3.836,71.86453,5.638
453,PICTURE_453,schere,0.0,100.0,1.81,7.21,2.265,3.28096,4.298
454,PICTURE_454,huhn,1.288845279,64.64646465,3.22,17.05,2.637,2.01145,4.085
455,PICTURE_455,fuss,0.930821719,75.75757576,1.7,65.95,3.224,24.57376,5.172
456,PICTURE_456,oel,1.688644963,71.95121951,2.9,7.56,2.286,11.8474,4.855
457,PICTURE_457,pyramide,0.889964306,85.05747126,2.66,3.19,1.914,3.05156,4.266
458,PICTURE_458,schrank,0.244141642,95.95959596,2.1,22.64,2.76,3.85895,4.368
459,PICTURE_459,mine,2.270657335,39.3258427,3.66,8.23,2.322,2.47556,4.175
460,PICTURE_460,decke,1.551605263,62.10526316,2.64,23.74,2.781,9.80603,4.773
461,PICTURE_461,pistole,0.938882625,79.7979798,2.34,39.17,2.998,2.89388,4.243
462,PICTURE_462,fliege,0.482422091,92.85714286,3.65,23.19,2.771,2.27722,4.139
463,PICTURE_463,rechteck,1.781229928,56.38297872,1.12,0.47,1.114,2.80314,4.229
464,PICTURE_464,radiergummi,0.700369149,81.05263158,1.91,0.51,1.146,0.40394,3.388
465,PICTURE_465,messer,1.326090323,58.58585859,2.42,51.07,3.113,7.72632,4.67
466,PICTURE_466,richter,0.197453004,96.93877551,3.58,35.2,2.952,48.43582,5.467
467,PICTURE_467,waescheklammer,0.799048521,75.75757576,2.07,0.16,0.699,0.04115,2.398
468,PICTURE_468,bildschirm,2.077491591,52.57731959,2.25,9.09,2.365,12.78255,4.888
469,PICTURE_469,hocker,1.279716281,73.73737374,2.06,1.89,1.69,1.22274,3.869
470,PICTURE_470,roller,1.640821927,55.55555556,3.59,2.95,1.881,1.61577,3.99
471,PICTURE_471,postbote,2.61055755,37.77777778,3.11,1.85,1.681,0.31155,3.276
472,PICTURE_472,quadrat,1.663022346,53.06122449,1.11,1.93,1.699,5.66363,4.535
473,PICTURE_473,arm,0.0,100.0,2.22,82.64,3.322,33.3339,5.305
474,PICTURE_474,geldschein,1.415252845,67.01030928,3.12,0.12,0.602,0.31552,3.281
475,PICTURE_475,waggon,3.06159769,21.64948454,3.39,1.5,1.591,1.20224,3.862
476,PICTURE_476,schuerze,0.246022578,95.91836735,2.59,2.05,1.724,0.95945,3.764
477,PICTURE_477,avocado,0.362051252,93.10344828,2.42,0.28,0.903,0.15569,2.975
478,PICTURE_478,waschbecken,0.141440543,98.0,2.77,2.52,1.813,1.10506,3.825
479,PICTURE_479,kaenguru,0.0,100.0,2.87,1.14,1.477,0.18776,3.056
480,PICTURE_480,rose,0.0,100.0,2.73,45.12,3.06,11.85467,4.856
481,PICTURE_481,bordstein,2.255518671,45.05494505,2.88,0.79,1.322,0.13817,2.923
482,PICTURE_482,boot,0.429585505,92.92929293,3.07,66.46,3.228,11.47205,4.841
483,PICTURE_483,flur,1.192784281,62.88659794,2.58,13.62,2.54,5.41406,4.515
484,PICTURE_484,eichhoernchen,0.0,100.0,3.17,8.11,2.316,0.63385,3.584
485,PICTURE_485,nagel,0.0,100.0,1.56,6.73,2.236,6.49747,4.595
486,PICTURE_486,gefaengnis,1.817450743,39.79591837,3.21,104.77,3.425,15.02771,4.959
487,PICTURE_487,korb,0.14257333,97.97979798,2.78,8.23,2.322,3.05618,4.267
488,PICTURE_488,sonne,0.0,100.0,1.83,64.85,3.217,34.59152,5.321
489,PICTURE_489,pizza,0.327444919,94.0,2.82,25.63,2.814,1.55991,3.975
490,PICTURE_490,griff,2.450911325,45.16129032,2.21,28.27,2.857,26.07565,5.198
491,PICTURE_491,teppich,0.290715865,94.89795918,2.36,13.35,2.531,3.52888,4.329
492,PICTURE_492,nonne,1.276474022,74.22680412,3.09,6.14,2.196,1.43149,3.938
493,PICTURE_493,stinktier,0.728943888,86.59793814,3.37,1.81,1.672,0.06991,2.627
494,PICTURE_494,schnurrbart,1.902508575,52.0,2.9,4.96,2.104,0.72987,3.645
495,PICTURE_495,hafen,1.159400968,77.17391304,4.16,15.32,2.591,9.57712,4.763
496,PICTURE_496,kreis,0.0,100.0,1.05,20.71,2.722,56.43519,5.533
497,PICTURE_497,sarg,0.0,100.0,2.08,12.24,2.494,2.85735,4.238
498,PICTURE_498,tasse,0.0,100.0,1.67,18.43,2.671,4.01861,4.386
499,PICTURE_499,junge,0.954215454,72.44897959,2.81,351.75,3.951,85.07251,5.712
500,PICTURE_500,treppe,0.14372617,97.95918367,2.55,25.0,2.803,8.25373,4.698
501,PICTURE_501,schild,1.084510786,72.91666667,2.68,21.97,2.747,5.8499,4.549
502,PICTURE_502,schaefer,1.146363101,64.64646465,3.49,0.04,0.301,1.33761,3.908
503,PICTURE_503,zunge,0.247935838,95.87628866,1.87,30.71,2.893,9.21086,4.746
504,PICTURE_504,steuerrad,1.874064668,56.52173913,2.2,0.24,0.845,0.18098,3.04
505,PICTURE_505,buch,0.144899618,97.93814433,2.57,120.52,3.486,168.58626,6.009
506,PICTURE_506,blitz,0.827374478,73.95833333,2.68,12.44,2.501,4.77046,4.46
507,PICTURE_507,baby,0.337576423,94.94949495,2.86,324.66,3.916,9.0117,4.737
508,PICTURE_508,karton,1.706098806,61.8556701,1.91,4.49,2.061,3.62904,4.342
509,PICTURE_509,telefon,0.0,100.0,2.44,144.77,3.566,26.6019,5.207
510,PICTURE_510,gesicht,0.0,100.0,2.69,195.05,3.695,52.43509,5.501
511,PICTURE_511,keule,2.247683065,39.13043478,3.07,1.77,1.663,0.72525,3.642
512,PICTURE_512,augenklappe,1.282912586,76.59574468,2.18,0.55,1.176,0.05471,2.521
513,PICTURE_513,lippen,0.960707902,61.61616162,2.62,24.61,2.797,11.20909,4.831
514,PICTURE_514,u-boot,0.249882293,95.83333333,2.41,,,,
515,PICTURE_515,blumenstrauss,2.023205764,53.19148936,2.87,1.02,1.431,0.75351,3.659
516,PICTURE_516,taschenrechner,0.242292189,96.0,2.21,1.1,1.462,0.84226,3.707
517,PICTURE_517,seil,0.543923361,91.66666667,2.01,17.6,2.651,3.8173,4.364
518,PICTURE_518,glas,1.516323617,47.0,1.88,51.1,3.114,17.0628,5.014
519,PICTURE_519,taenzer,1.722567763,50.0,2.89,6.06,2.19,2.91404,4.246
520,PICTURE_520,ziegelstein,2.483738388,35.48387097,2.41,0.31,0.954,0.21784,3.12
521,PICTURE_521,fuchs,0.0,100.0,3.26,5.32,2.134,14.10281,4.931
522,PICTURE_522,haus,0.803455657,84.21052632,3.59,406.43,4.014,113.86817,5.838
523,PICTURE_523,kabel,0.520508661,90.625,2.17,17.76,2.655,6.83381,4.616
524,PICTURE_524,indianer,1.300872002,69.3877551,4.06,13.5,2.537,6.97661,4.625
525,PICTURE_525,garnele,2.454583762,35.16483516,3.42,0.35,1.0,0.0319,2.288
526,PICTURE_526,kellnerin,2.558951178,33.33333333,3.21,7.99,2.31,0.82491,3.698
527,PICTURE_527,foto,1.692558035,52.68817204,3.03,58.94,3.176,23.21781,5.148
528,PICTURE_528,schwan,0.0,100.0,2.9,1.54,1.602,2.03624,4.091
529,PICTURE_529,walross,1.030250526,79.56989247,3.42,1.46,1.58,0.04149,2.401
530,PICTURE_530,zaun,0.410837839,91.75257732,2.15,11.38,2.462,3.55781,4.333
531,PICTURE_531,schildkroete,0.0,100.0,3.69,13.19,2.526,0.8702,3.721
532,PICTURE_532,clown,0.0,100.0,3.49,14.45,2.566,1.21034,3.865
533,PICTURE_533,hai,0.286838905,95.91836735,2.79,8.15,2.318,1.72353,4.018
534,PICTURE_534,cd,1.558249318,44.44444444,2.36,6.65,2.23,35.19974,5.328
535,PICTURE_535,lastkraftwagen,1.575620543,51.02040816,2.97,,,,
536,PICTURE_536,ast,0.33228663,93.87755102,2.03,4.21,2.033,4.05084,4.389
537,PICTURE_537,fingerabdruck,0.197453004,96.93877551,2.64,2.09,1.732,0.63236,3.583
538,PICTURE_538,jackett,2.154117245,43.43434343,2.43,2.68,1.839,0.67021,3.608
539,PICTURE_539,astronaut,0.14372617,97.95918367,3.37,3.27,1.924,0.21866,3.122
540,PICTURE_540,leuchtturm,0.327444919,94.0,2.54,2.4,1.792,0.83962,3.706
541,PICTURE_541,schuh,0.396623283,93.81443299,2.92,14.45,2.566,3.58954,4.337
542,PICTURE_542,kamin,0.951095784,83.83838384,2.61,6.46,2.217,1.90782,4.062
543,PICTURE_543,brust,1.135287352,78.78787879,1.91,28.82,2.865,14.70822,4.949
544,PICTURE_544,arzt,0.768281409,77.55102041,3.17,115.36,3.467,51.40127,5.493
545,PICTURE_545,unterhose,1.795052132,59.79381443,2.65,6.18,2.199,0.59914,3.559
546,PICTURE_546,tuer,0.141440543,98.0,1.86,252.88,3.808,38.7035,5.37
547,PICTURE_547,fledermaus,0.0,100.0,3.6,3.39,1.94,0.67269,3.61
548,PICTURE_548,gangster,3.119843528,22.22222222,2.94,15.87,2.606,0.76326,3.665
549,PICTURE_549,schlange,0.0,100.0,2.4,29.84,2.88,6.61944,4.603
550,PICTURE_550,wolle,0.896463973,76.04166667,2.88,12.91,2.517,29.54404,5.252
551,PICTURE_551,kuerbis,0.0,100.0,2.44,3.66,1.973,0.45254,3.438
552,PICTURE_552,apfel,0.0,100.0,2.4,7.87,2.303,3.7806,4.359
553,PICTURE_553,bucht,2.021956079,43.01075269,2.95,6.18,2.199,3.59582,4.338
554,PICTURE_554,marionette,1.537824849,64.51612903,2.97,8.9,2.356,0.8702,3.721
555,PICTURE_555,fruehstueck,1.234363978,77.17391304,3.55,0.08,0.477,0.01041,1.806
556,PICTURE_556,pille,1.273761033,69.3877551,1.59,6.93,2.248,1.88634,4.057
557,PICTURE_557,wolf,0.41381685,91.66666667,3.28,28.19,2.856,33.77718,5.31
558,PICTURE_558,feuerzeug,0.0,100.0,2.43,5.91,2.179,0.53055,3.507
559,PICTURE_559,gurke,0.595467051,85.56701031,2.67,1.97,1.708,0.30759,3.27
560,PICTURE_560,melone,0.970950594,60.0,2.67,2.64,1.833,0.30444,3.266
561,PICTURE_561,raupe,0.0,100.0,3.05,1.1,1.462,0.50113,3.482
562,PICTURE_562,toaster,0.0,100.0,2.15,5.47,2.146,0.21271,3.11
563,PICTURE_563,geier,1.060710669,78.35051546,3.87,6.65,2.23,1.03498,3.797
564,PICTURE_564,loeffel,0.0,100.0,1.6,10.12,2.412,2.53638,4.186
565,PICTURE_565,glocke,0.194391858,97.0,2.37,13.35,2.531,2.63241,4.202
566,PICTURE_566,geige,0.80490336,85.71428571,2.9,3.31,1.929,1.55809,3.974
567,PICTURE_567,billardloch,2.486708544,36.76470588,2.77,,,,
568,PICTURE_568,burg,0.340254161,94.89795918,3.09,9.92,2.403,9.90553,4.778
569,PICTURE_569,zahn,0.539935733,87.62886598,2.67,10.28,2.418,6.27236,4.579
570,PICTURE_570,stier,1.156358881,77.77777778,3.05,4.92,2.1,2.35094,4.153
571,PICTURE_571,magnet,1.463824418,62.5,1.71,1.5,1.591,1.34223,3.91
572,PICTURE_572,jongleur,0.752169974,84.61538462,3.15,0.08,0.477,0.13751,2.921
573,PICTURE_573,aubergine,0.498301919,92.55319149,2.12,0.31,0.954,0.07652,2.667
574,PICTURE_574,gladiator,1.930262214,56.25,3.29,0.55,1.176,0.20081,3.085
575,PICTURE_575,schnabel,0.0,100.0,2.52,1.93,1.699,3.4355,4.318
576,PICTURE_576,handschuh,0.0,100.0,2.53,4.69,2.079,0.74392,3.653
577,PICTURE_577,eisberg,0.345752087,94.79166667,2.83,1.46,1.58,0.53534,3.511
578,PICTURE_578,augenbraue,1.208911904,71.0,2.93,0.87,1.362,0.35684,3.334
579,PICTURE_579,elefant,0.0,100.0,2.74,7.36,2.274,1.15068,3.843
580,PICTURE_580,krankenschwester,0.55666344,91.30434783,3.28,10.28,2.418,2.78678,4.227
581,PICTURE_581,spargel,0.152406999,97.8021978,2.4,1.02,1.431,0.5079,3.488
582,PICTURE_582,labor,0.77024338,86.02150538,4.16,33.19,2.926,13.53904,4.913
583,PICTURE_583,schiff,1.195985504,77.31958763,3.29,147.25,3.573,17.9796,5.037
584,PICTURE_584,kroete,0.865734023,79.0,3.48,2.17,1.748,0.46477,3.449
585,PICTURE_585,ameise,0.286396957,95.0,2.95,1.85,1.681,0.66558,3.605
586,PICTURE_586,buegeleisen,0.0,100.0,2.53,0.43,1.079,0.39303,3.376
587,PICTURE_587,mais,0.924818705,66.0,2.84,4.69,2.079,15.48421,4.972
588,PICTURE_588,armband,0.969855145,73.91304348,2.71,5.32,2.134,0.28296,3.234
589,PICTURE_589,schlafzimmer,0.597186217,88.88888889,3.64,24.21,2.79,4.21083,4.406
590,PICTURE_590,besen,0.0,100.0,2.46,4.41,2.053,1.27959,3.889
591,PICTURE_591,handtuch,0.803484601,83.67346939,2.13,14.29,2.561,1.67626,4.006
592,PICTURE_592,salat,0.834165466,82.10526316,2.86,12.95,2.519,2.24152,4.132
593,PICTURE_593,schokolade,0.14257333,97.97979798,2.21,20.28,2.713,3.82143,4.364
594,PICTURE_594,spritze,0.0,100.0,2.94,11.06,2.45,1.65544,4.001
595,PICTURE_595,wuerfel,1.634496616,55.67010309,1.4,6.46,2.217,3.20163,4.287
596,PICTURE_596,mappe,2.040119284,49.48453608,1.96,2.68,1.839,4.70005,4.454
597,PICTURE_597,fenster,0.568362534,86.59793814,3.0,84.18,3.33,49.59278,5.477
598,PICTURE_598,dartscheibe,1.168412966,70.52631579,2.41,0.08,0.477,0.01322,1.908
599,PICTURE_599,wolke,0.0,100.0,1.28,6.97,2.25,3.35699,4.308
600,PICTURE_600,indianer,1.873907148,58.82352941,3.57,13.5,2.537,6.97661,4.625
601,PICTURE_601,koala,0.891271451,76.28865979,3.43,0.12,0.602,0.07157,2.637
602,PICTURE_602,pfarrer,2.053917334,30.85106383,2.98,15.0,2.582,22.84923,5.141
603,PICTURE_603,friedhof,0.195909271,96.96969697,3.43,13.82,2.547,6.98884,4.626
604,PICTURE_604,pfeife,1.355779131,60.22727273,3.03,10.12,2.412,1.67329,4.005
605,PICTURE_605,harfe,0.0,100.0,2.84,1.1,1.462,0.63418,3.584
606,PICTURE_606,katze,0.284545683,95.95959596,3.35,43.74,3.046,8.53107,4.713
607,PICTURE_607,pullover,0.0,100.0,2.68,5.24,2.127,1.79345,4.036
608,PICTURE_608,kondom,0.0,100.0,2.44,4.21,2.033,0.54526,3.519
609,PICTURE_609,maeppchen,1.297539607,73.62637363,2.68,0.08,0.477,0.05553,2.528
610,PICTURE_610,honig,0.14609425,97.91666667,2.75,6.81,2.241,3.54045,4.331
611,PICTURE_611,pflanze,1.498117231,61.45833333,2.88,10.59,2.431,6.14443,4.57
612,PICTURE_612,frosch,0.0,100.0,2.82,9.53,2.386,1.82799,4.044
613,PICTURE_613,pullover,1.656168472,55.0,2.63,5.24,2.127,1.79345,4.036
614,PICTURE_614,koenigin,0.637387499,83.87096774,3.47,35.4,2.954,11.93483,4.859
615,PICTURE_615,aktentasche,1.201665547,64.58333333,2.13,3.43,1.944,0.67103,3.609
616,PICTURE_616,keks,2.08925693,59.57446809,2.6,6.85,2.243,0.40477,3.389
617,PICTURE_617,flughafen,0.39351112,93.87755102,3.34,37.05,2.974,7.84136,4.676
618,PICTURE_618,huette,2.401898058,35.41666667,3.69,17.99,2.661,6.21682,4.575
619,PICTURE_619,seife,0.170330576,97.46835443,2.26,7.95,2.307,1.81824,4.041
620,PICTURE_620,trauben,1.779010076,43.29896907,2.46,2.44,1.799,1.23166,3.872
621,PICTURE_621,panzer,0.0,100.0,3.08,15.39,2.593,5.86858,4.55
622,PICTURE_622,kreide,0.720448877,87.62886598,2.26,4.37,2.049,1.41909,3.934
623,PICTURE_623,gefaengnis,1.424913206,72.4137931,3.11,104.77,3.425,15.02771,4.959
624,PICTURE_624,esel,0.0,100.0,2.98,12.01,2.486,3.11271,4.275
625,PICTURE_625,schlitten,0.0,100.0,2.24,5.28,2.13,1.59329,3.984
626,PICTURE_626,klavier,1.317715795,50.50505051,3.22,11.42,2.464,4.39561,4.425
627,PICTURE_627,wurst,0.80094533,80.85106383,1.97,5.0,2.107,2.56811,4.191
628,PICTURE_628,schal,0.141440543,98.0,2.9,4.06,2.017,1.34868,3.912
629,PICTURE_629,bruecke,1.152821734,65.95744681,3.09,42.92,3.038,18.38437,5.046
630,PICTURE_630,fass,0.296431632,95.74468085,2.49,35.24,2.952,1.50437,3.959
631,PICTURE_631,einbrecher,1.807211324,41.66666667,2.73,6.69,2.233,0.64624,3.592
632,PICTURE_632,weg,1.402591088,67.70833333,2.23,1155.6,4.468,261.93349,6.2
633,PICTURE_633,trichter,0.0,100.0,2.1,0.79,1.322,1.05382,3.805
634,PICTURE_634,dynamit,1.887039405,62.5,2.66,8.15,2.318,0.58939,3.552
635,PICTURE_635,wildschwein,0.202249425,96.84210526,3.3,2.8,1.857,0.3218,3.29
636,PICTURE_636,schaf,0.0,100.0,3.05,5.67,2.161,2.38845,4.16
637,PICTURE_637,baer,0.557438185,87.0,3.14,0.51,1.146,1.55561,3.974
638,PICTURE_638,heizung,2.970415981,36.04651163,2.59,4.02,2.013,3.32873,4.304
639,PICTURE_639,artischocke,1.513101619,70.51282051,2.48,0.12,0.602,0.08115,2.692
640,PICTURE_640,kaktus,0.0,100.0,3.44,2.4,1.792,0.24759,3.176
641,PICTURE_641,konzert,1.84949348,64.36781609,3.47,12.95,2.519,5.84412,4.549
642,PICTURE_642,block,2.903597731,23.15789474,2.08,12.64,2.508,16.86314,5.009
643,PICTURE_643,ausschnitt,1.770535249,40.42553191,2.2,2.05,1.724,11.03522,4.825
644,PICTURE_644,mantel,0.194391858,97.0,2.56,21.14,2.731,6.82522,4.616
645,PICTURE_645,gewehr,0.539603045,91.75257732,2.21,30.67,2.892,2.62051,4.2
646,PICTURE_646,baumstumpf,1.556852219,65.26315789,3.26,0.43,1.079,0.19966,3.082
647,PICTURE_647,bueffel,1.964602497,48.86363636,3.56,1.46,1.58,0.52708,3.504
648,PICTURE_648,muecke,2.120767304,46.93877551,3.27,1.5,1.591,0.72492,3.642
649,PICTURE_649,krankenwagen,0.371232327,92.85714286,2.89,22.01,2.748,0.67021,3.608
650,PICTURE_650,schwamm,0.3798717,94.11764706,3.02,5.12,2.117,1.96385,4.075
651,PICTURE_651,suppe,0.565359289,89.79591837,2.23,21.14,2.731,3.92919,4.376
652,PICTURE_652,riesenrad,0.200622324,96.875,3.82,1.46,1.58,0.23139,3.146
653,PICTURE_653,regenschirm,0.826746372,74.0,2.39,4.25,2.037,0.67054,3.608
654,PICTURE_654,bleistift,0.795040279,76.0,2.03,3.74,1.982,2.88033,4.241
655,PICTURE_655,megafon,1.176249519,67.34693878,2.23,0.71,1.279,0.04975,2.48
656,PICTURE_656,batterie,0.0,100.0,2.16,6.85,2.243,2.80314,4.229
657,PICTURE_657,medaille,0.0,100.0,2.6,3.98,2.009,3.9196,4.375
658,PICTURE_658,rabe,1.278040201,63.91752577,2.96,1.02,1.431,1.86832,4.053
659,PICTURE_659,radio,0.439650877,92.70833333,3.21,34.49,2.943,24.13511,5.164
660,PICTURE_660,klarinette,1.377281981,75.75757576,3.07,0.63,1.23,0.57451,3.541
661,PICTURE_661,schublade,0.0,100.0,2.44,10.2,2.415,2.21309,4.127
662,PICTURE_662,pelikan,0.818638483,86.17021277,3.42,0.75,1.301,0.47964,3.463
663,PICTURE_663,saeule,0.0,100.0,2.11,1.5,1.591,7.96614,4.683
664,PICTURE_664,kleid,0.14372617,97.95918367,2.46,42.95,3.038,5.46827,4.52
665,PICTURE_665,panther,1.586546423,60.86956522,3.32,1.85,1.681,1.0054,3.784
666,PICTURE_666,kaffee,0.405020133,91.91919192,3.46,108.51,3.44,16.52432,5.0
667,PICTURE_667,gaensebluemchen,1.50875597,55.20833333,2.67,0.67,1.255,0.18049,3.039
668,PICTURE_668,haehnchen,1.574657772,69.66292135,2.66,4.41,2.053,0.38527,3.368
669,PICTURE_669,pilot,0.292929951,94.84536082,3.79,30.51,2.89,3.09106,4.272
670,PICTURE_670,yacht,1.731355378,47.95918367,3.19,2.8,1.857,0.84061,3.706
671,PICTURE_671,hosentraeger,0.337576423,94.94949495,2.18,0.87,1.362,0.17156,3.017
672,PICTURE_672,biene,1.45979136,71.0,3.24,4.76,2.086,0.83863,3.705
673,PICTURE_673,gabel,0.0,100.0,1.51,4.53,2.064,2.07756,4.099
674,PICTURE_674,baby,1.324038088,62.24489796,2.6,324.66,3.916,9.0117,4.737
675,PICTURE_675,windmuehle,1.135022976,58.58585859,2.98,0.87,1.362,0.33519,3.307
676,PICTURE_676,gehstock,1.374557238,64.28571429,1.8,0.87,1.362,0.12644,2.884
677,PICTURE_677,weltkarte,1.175278235,74.0,3.2,0.08,0.477,0.7788,3.673
678,PICTURE_678,horn,0.39741041,92.13483146,2.24,5.63,2.158,5.72446,4.54
679,PICTURE_679,graete,1.901905618,44.44444444,2.01,0.08,0.477,0.07124,2.635
680,PICTURE_680,bogen,0.144899618,97.93814433,2.39,7.76,2.297,13.01857,4.896
681,PICTURE_681,rakete,0.0,100.0,2.73,16.02,2.611,1.3067,3.898
682,PICTURE_682,pinguin,0.0,100.0,2.59,2.32,1.778,0.34791,3.323
683,PICTURE_683,wohnwagen,1.321304079,74.22680412,2.72,11.58,2.47,0.72872,3.644
684,PICTURE_684,erdnuss,0.475431646,89.79591837,3.21,1.46,1.58,0.1233,2.873
685,PICTURE_685,gans,0.918165221,79.59183673,3.26,4.88,2.097,2.29358,4.142
686,PICTURE_686,chinesische mauer,1.185547342,75.53191489,3.91,,,,
687,PICTURE_687,hemd,0.246022578,95.91836735,2.06,28.43,2.859,4.43742,4.429
688,PICTURE_688,laeufer,1.662195747,44.44444444,2.94,6.34,2.21,2.0055,4.084
689,PICTURE_689,aquarium,0.288538514,94.94949495,3.2,3.35,1.934,0.6712,3.609
690,PICTURE_690,hut,0.141440543,98.0,1.91,45.91,3.067,7.89606,4.679
691,PICTURE_691,mann,0.149811367,97.84946237,2.97,1379.19,4.544,209.91986,6.104
692,PICTURE_692,kirsche,0.0,100.0,1.83,1.85,1.681,0.29701,3.255
693,PICTURE_693,baum,0.0,100.0,2.26,40.24,3.01,20.69316,5.098
694,PICTURE_694,umarmung,0.88990302,83.87096774,2.91,5.67,2.161,1.688,4.009
695,PICTURE_695,orange,0.195909271,96.96969697,2.63,9.8,2.398,3.86275,4.369
696,PICTURE_696,mann,1.57291699,71.73913043,3.02,1379.19,4.544,209.91986,6.104
697,PICTURE_697,pfirsich,1.164669826,74.73684211,2.55,1.26,1.519,0.23718,3.157
698,PICTURE_698,ohrring,0.14372617,97.95918367,2.7,1.89,1.69,0.15321,2.968
699,PICTURE_699,teleskop,1.37216863,69.76744186,2.87,2.4,1.792,0.5127,3.492
700,PICTURE_700,pickel,0.570926125,91.01123596,2.63,3.74,1.982,1.31331,3.9
701,PICTURE_701,falten,2.262700512,53.68421053,2.87,4.88,2.097,3.32096,4.303
702,PICTURE_702,feuerloescher,0.0,100.0,2.36,2.64,1.833,0.28924,3.243
703,PICTURE_703,adler,1.408986322,76.76767677,3.34,6.58,2.225,10.36369,4.797
704,PICTURE_704,prinz,2.925982842,27.84810127,3.1,30.99,2.897,10.69854,4.811
705,PICTURE_705,frau,1.723498339,49.47368421,2.89,857.36,4.338,285.7382,6.238
706,PICTURE_706,tropfen,1.450934942,53.06122449,1.97,12.32,2.497,5.66942,4.535
707,PICTURE_707,hund,0.40217919,92.0,3.21,135.48,3.537,19.0845,5.062
708,PICTURE_708,affe,1.236546283,57.73195876,3.68,16.77,2.63,1.39165,3.925
709,PICTURE_709,schwimmer,0.0,100.0,3.15,1.97,1.708,1.03085,3.795
710,PICTURE_710,arzt,0.834648285,73.46938776,3.32,115.36,3.467,51.40127,5.493
711,PICTURE_711,rasenmaeher,0.14257333,97.97979798,3.08,2.48,1.806,0.33981,3.313
712,PICTURE_712,schaedel,1.570277549,45.36082474,2.46,24.69,2.798,5.09573,4.489
713,PICTURE_713,kanu,1.117967239,54.83870968,2.74,1.06,1.447,0.68525,3.618
714,PICTURE_714,shakespeare,3.026600743,27.27272727,3.27,8.31,2.326,6.33252,4.583
715,PICTURE_715,billardtisch,1.057385242,63.91752577,3.2,0.63,1.23,0.0995,2.78
716,PICTURE_716,fackel,1.663235559,49.43820225,2.16,3.39,1.94,1.52536,3.965
717,PICTURE_717,akkordeon,1.140292969,72.63157895,3.58,0.91,1.38,0.377,3.358
718,PICTURE_718,hose,0.0,100.0,2.2,40.4,3.012,5.2944,4.506
719,PICTURE_719,badezimmer,1.325946158,46.93877551,3.07,18.9,2.682,2.05509,4.095
720,PICTURE_720,drachen,0.0,100.0,3.08,20.79,2.723,2.82165,4.232
721,PICTURE_721,kamera,0.911342376,67.34693878,2.75,74.37,3.276,18.03877,5.038
722,PICTURE_722,getreide,2.530643835,25.53191489,2.42,2.4,1.792,6.69547,4.608
723,PICTURE_723,karten,1.948866183,47.95918367,2.1,48.07,3.087,20.05204,5.084
724,PICTURE_724,wal,0.761443171,86.86868687,2.76,6.02,2.188,2.07145,4.098
725,PICTURE_725,zigarette,2.276658267,33.33333333,2.94,20.99,2.728,4.48585,4.434
726,PICTURE_726,kellner,0.965024587,83.0,3.21,9.72,2.394,4.21975,4.407
727,PICTURE_727,schlauch,1.128663335,63.63636364,2.21,5.12,2.117,1.40901,3.931
728,PICTURE_728,oktopus,1.603257212,45.36082474,3.23,0.16,0.699,0.04529,2.439
729,PICTURE_729,freiheitsstatue,0.379524378,92.63157895,3.61,2.28,1.771,0.24346,3.168
730,PICTURE_730,kueche,0.0,100.0,3.69,49.45,3.099,18.07579,5.039
731,PICTURE_731,bagger,0.14372617,97.95918367,2.66,1.06,1.447,0.60178,3.561
732,PICTURE_732,ball,0.557266991,89.58333333,1.85,56.73,3.159,12.70553,4.886
733,PICTURE_733,brille,0.0,100.0,2.46,25.59,2.814,5.73933,4.541
734,PICTURE_734,waschmaschine,0.0,100.0,3.16,2.83,1.863,1.43198,3.938
735,PICTURE_735,eiswuerfel,0.714975717,85.71428571,2.41,1.42,1.568,0.24875,3.178
736,PICTURE_736,zauberer,1.202363197,65.2173913,3.3,15.43,2.594,2.46184,4.173
737,PICTURE_737,unterhose,1.099625726,83.50515464,2.97,6.18,2.199,0.59914,3.559
738,PICTURE_738,taube,0.561028486,86.86868687,3.06,7.13,2.26,2.56679,4.191
739,PICTURE_739,grab,2.080938146,38.7755102,1.86,30.75,2.893,11.65634,4.848
740,PICTURE_740,angler,0.947994982,81.63265306,3.64,0.39,1.041,0.49038,3.472
741,PICTURE_741,bonbon,0.0,100.0,2.5,2.83,1.863,0.37485,3.356
742,PICTURE_742,papst,1.476259547,63.63636364,3.72,9.76,2.396,23.12161,5.146
743,PICTURE_743,vogelscheuche,0.207310186,96.73913043,3.32,1.54,1.602,0.16544,3.001
744,PICTURE_744,ring,0.532835063,87.87878788,2.17,49.33,3.098,12.36043,4.874
745,PICTURE_745,brunnen,0.0,100.0,3.35,9.76,2.396,6.27401,4.579
746,PICTURE_746,kegel,0.51659875,90.72164948,1.69,0.91,1.38,1.80303,4.038
747,PICTURE_747,badewanne,0.468995594,90.0,2.57,7.91,2.305,1.58503,3.982
748,PICTURE_748,muschel,1.102086531,73.19587629,3.25,1.61,1.623,0.91945,3.745
749,PICTURE_749,muelleimer,1.678742969,50.0,3.32,3.35,1.934,0.70227,3.628
750,PICTURE_750,kaffeekanne,2.912156965,34.09090909,2.66,0.67,1.255,0.16131,2.99
